-- phpMyAdmin SQL Dump
-- version 5.1.1
-- https://www.phpmyadmin.net/
--
-- 主機： 127.0.0.1
-- 產生時間： 2022-01-17 13:34:51
-- 伺服器版本： 10.4.22-MariaDB
-- PHP 版本： 8.1.1

SET SQL_MODE = "NO_AUTO_VALUE_ON_ZERO";
START TRANSACTION;
SET time_zone = "+00:00";


/*!40101 SET @OLD_CHARACTER_SET_CLIENT=@@CHARACTER_SET_CLIENT */;
/*!40101 SET @OLD_CHARACTER_SET_RESULTS=@@CHARACTER_SET_RESULTS */;
/*!40101 SET @OLD_COLLATION_CONNECTION=@@COLLATION_CONNECTION */;
/*!40101 SET NAMES utf8mb4 */;

--
-- 資料庫: `final_project`
--

-- --------------------------------------------------------

--
-- 資料表結構 `competition`
--

CREATE TABLE `competition` (
  `competition_name_and_ranking` varchar(30) NOT NULL,
  `restaurant_id` int(11) NOT NULL,
  `dishes_id` int(11) NOT NULL
) ENGINE=InnoDB DEFAULT CHARSET=utf8mb4;

--
-- 傾印資料表的資料 `competition`
--

INSERT INTO `competition` (`competition_name_and_ranking`, `restaurant_id`, `dishes_id`) VALUES
('2020台中米其林餐盤美食｜創新菜', 122, 115),
('2020台中米其林餐盤美食｜台灣菜', 21, 12),
('2020台中米其林餐盤美食｜粵菜', 18, 113),
('2020台中米其林餐盤美食｜西餐', 20, 11),
('2020米其林必比登', 16, 8),
('2021500盤5盤', 13, 1),
('2021台北台中米其林餐盤推薦', 19, 7),
('全台燒肉排行TOP 1', 4, 114),
('比賽1', 1, 13),
('比賽10', 89, 22),
('比賽100', 61, 112),
('比賽101', 15, 6),
('比賽102', 9, 3),
('比賽103', 2, 4),
('比賽104', 7, 9),
('比賽105', 8, 10),
('比賽106', 5, 116),
('比賽107', 6, 117),
('比賽108', 10, 118),
('比賽109', 14, 119),
('比賽11', 21, 23),
('比賽110', 22, 120),
('比賽111', 23, 121),
('比賽112', 26, 122),
('比賽113', 28, 123),
('比賽114', 30, 124),
('比賽115', 31, 125),
('比賽116', 34, 126),
('比賽117', 35, 127),
('比賽118', 38, 128),
('比賽119', 39, 129),
('比賽12', 103, 24),
('比賽120', 40, 130),
('比賽121', 41, 131),
('比賽122', 48, 132),
('比賽123', 49, 133),
('比賽124', 52, 134),
('比賽125', 53, 135),
('比賽126', 57, 136),
('比賽127', 60, 137),
('比賽128', 63, 138),
('比賽129', 66, 139),
('比賽13', 85, 25),
('比賽130', 50, 140),
('比賽14', 62, 26),
('比賽15', 37, 27),
('比賽16', 2, 28),
('比賽17', 11, 29),
('比賽18', 44, 30),
('比賽19', 18, 31),
('比賽2', 68, 14),
('比賽20', 20, 32),
('比賽21', 118, 33),
('比賽22', 54, 34),
('比賽23', 15, 35),
('比賽24', 1, 36),
('比賽25', 2, 37),
('比賽26', 45, 38),
('比賽27', 64, 39),
('比賽28', 68, 40),
('比賽29', 72, 41),
('比賽3', 24, 15),
('比賽30', 73, 42),
('比賽31', 20, 43),
('比賽32', 79, 44),
('比賽33', 54, 45),
('比賽34', 42, 46),
('比賽35', 7, 47),
('比賽36', 73, 48),
('比賽37', 94, 49),
('比賽38', 96, 50),
('比賽39', 62, 51),
('比賽4', 97, 16),
('比賽40', 36, 52),
('比賽41', 105, 53),
('比賽42', 87, 54),
('比賽43', 114, 55),
('比賽44', 111, 56),
('比賽45', 65, 57),
('比賽46', 17, 58),
('比賽47', 55, 59),
('比賽48', 29, 60),
('比賽49', 103, 61),
('比賽5', 70, 17),
('比賽50', 25, 62),
('比賽51', 93, 63),
('比賽52', 101, 64),
('比賽53', 119, 65),
('比賽54', 119, 66),
('比賽55', 73, 67),
('比賽56', 47, 68),
('比賽57', 32, 69),
('比賽58', 36, 70),
('比賽59', 100, 71),
('比賽6', 58, 18),
('比賽60', 3, 72),
('比賽61', 45, 73),
('比賽62', 12, 74),
('比賽63', 81, 75),
('比賽64', 7, 76),
('比賽65', 2, 77),
('比賽66', 110, 78),
('比賽67', 33, 79),
('比賽68', 33, 80),
('比賽69', 70, 81),
('比賽7', 42, 19),
('比賽70', 83, 82),
('比賽71', 100, 83),
('比賽72', 87, 84),
('比賽73', 58, 85),
('比賽74', 25, 86),
('比賽75', 89, 87),
('比賽76', 56, 88),
('比賽77', 55, 89),
('比賽78', 113, 90),
('比賽79', 89, 91),
('比賽8', 107, 20),
('比賽80', 13, 92),
('比賽81', 72, 93),
('比賽82', 46, 94),
('比賽83', 88, 95),
('比賽84', 73, 96),
('比賽85', 69, 97),
('比賽86', 43, 98),
('比賽87', 19, 99),
('比賽88', 27, 100),
('比賽89', 51, 101),
('比賽9', 98, 21),
('比賽90', 96, 102),
('比賽91', 62, 103),
('比賽92', 118, 104),
('比賽93', 90, 105),
('比賽94', 42, 106),
('比賽95', 21, 107),
('比賽96', 79, 108),
('比賽97', 59, 109),
('比賽98', 8, 110),
('比賽99', 84, 111),
('讓你朝思暮想的全台牛肉麵 TOP2', 9, 2),
('﻿2021米其林必比登', 17, 5);

-- --------------------------------------------------------

--
-- 資料表結構 `corporate`
--

CREATE TABLE `corporate` (
  `id` int(11) NOT NULL,
  `name` varchar(30) NOT NULL,
  `chairman` varchar(10) NOT NULL,
  `year` int(11) NOT NULL
) ENGINE=InnoDB DEFAULT CHARSET=utf8mb4;

--
-- 傾印資料表的資料 `corporate`
--

INSERT INTO `corporate` (`id`, `name`, `chairman`, `year`) VALUES
(1, '王品集團', '陳正輝', 1993),
(2, '嗑肉國際有限公司', '詹惠琪', 2017),
(3, '輕井澤集團', '王振模', 2003),
(4, '三商投資控股股份有限公司', '陳翔立', 1965),
(5, '築間餐飲事業股份有限公司', '林楷傑', 2010),
(6, '黑浮國際餐飲集團', '沈耿豪', 2011),
(7, '樂多多世界股份有限公司', '林少鈞', 2016),
(8, '饗賓餐旅事業股份有限公司', '陳啓昌', 2002),
(9, '鼎泰豐小吃店股份有限公司', '楊紀華', 1958),
(10, '尊鴻餐飲企業股份有限公司', '陳詠翔', 2019),
(11, '漢來美食股份有限公司', '賴宗成', 2003),
(12, '富鼎旺實業有限公司', '王心平', 2017),
(13, '集團110', '涂明杰', 1990),
(14, '集團111', '林于恬', 1963),
(15, '集團112', '林家銘', 2007),
(16, '集團113', '廖宜霞', 1991),
(17, '集團114', '許毓枝', 1984),
(18, '集團115', '樂安妤', 1974),
(19, '集團116', '蔡惠文', 2013),
(20, '集團117', '黃莉菁', 2008),
(21, '集團118', '周逸綸', 2003),
(22, '集團119', '許智英', 1962),
(23, '集團120', '陳郁心', 2010),
(24, '集團22', '謝惠雯', 2000),
(25, '集團23', '林嘉慧', 1986),
(26, '集團24', '許岱洋', 1971),
(27, '集團25', '許安喜', 1951),
(28, '集團26', '謝慧婷', 1956),
(29, '集團27', '沈靜怡', 1975),
(30, '集團28', '伏志祥', 1960),
(31, '集團29', '林欣瑜', 1961),
(32, '集團30', '王蘭依', 2020),
(33, '集團31', '吳宇軒', 1981),
(34, '集團32', '吳家賢', 1958),
(35, '集團33', '吳建惟', 1950),
(36, '集團34', '林思光', 1950),
(37, '集團35', '簡冠宏', 1976),
(38, '集團36', '龍曼岳', 1987),
(39, '集團37', '李志瑋', 1990),
(40, '集團38', '陳雅晴', 1992),
(41, '集團39', '徐科利', 1993),
(42, '集團40', '陳宏白', 1961),
(43, '集團41', '崔聖文', 1997),
(44, '集團42', '張玉東', 1982),
(45, '集團43', '陳美珠', 1975),
(46, '集團44', '李依萍', 1954),
(47, '集團45', '吳佩達', 1993),
(48, '集團46', '林倍雄', 2005),
(49, '集團47', '郭仰羽', 2006),
(50, '集團48', '吳聖凱', 1986),
(51, '集團49', '彭靜宜', 1971),
(52, '集團50', '潘盈雲', 2012),
(53, '集團51', '劉嘉雯', 2001),
(54, '集團52', '黃怡君', 2017),
(55, '集團60', '黃林蓮', 2015),
(56, '集團61', '黃建惟', 1988),
(57, '集團61', '崔昱星', 1960),
(58, '集團62', '鄭琬婷', 1982),
(59, '集團63', '賴子傑', 1966),
(60, '集團64', '曾曉萍', 2011),
(61, '集團65', '姜佳儀', 1964),
(62, '集團66', '黃瑜豪', 2005),
(63, '集團67', '蔡淑妮', 2009),
(64, '集團68', '鄧妙順', 2020),
(65, '集團69', '阮雅沛', 2020),
(66, '集團70', '王水駿', 1993),
(67, '集團71', '陳智玟', 1977),
(68, '集團72', '滑俊成', 1968),
(69, '集團73', '王雅茹', 1971),
(70, '集團74', '杜政憲', 2009),
(71, '集團75', '曾淑華', 1951),
(72, '集團76', '劉佳筠', 1976),
(73, '集團77', '蔡美惠', 1956),
(74, '集團78', '袁怡君', 1998),
(75, '集團79', '方鴻均', 1953),
(76, '集團80', '王林蘋', 1950),
(77, '集團81', '李佑盛', 2015),
(78, '集團82', '蘇丞育', 1969),
(79, '集團83', '陸至賢', 1969),
(80, '集團84', '黃雅洋', 1991),
(81, '集團85', '廖嬌達', 1999),
(82, '集團86', '韓彥樺', 2009),
(83, '集團87', '李崇聖', 2001),
(84, '集團88', '吳儀丞', 1984),
(85, '集團89', '孫正紋', 1964),
(86, '集團90', '於坤昕', 2002),
(87, '集團91', '許苡易', 1983),
(88, '集團92', '林珮佩', 1982),
(89, '集團93', '黃莉岳', 2017),
(90, '集團94', '彭信豪', 2002),
(91, '集團95', '黃莉原', 1957),
(92, '集團96', '陳堅星', 1992),
(93, '集團97', '謝雅慧', 1977),
(94, '集團1', '林瑞來', 2002),
(95, '集團2', '謝淑婷', 1993),
(96, '集團3', '夏育誠', 1990),
(97, '集團4', '陳興和', 1975),
(98, '集團5', '孫姿伶', 1960),
(99, '集團6', '廉誠沛', 1965),
(100, '集團7', '林昆霖', 1980),
(101, '集團8', '羅平書', 2007),
(102, '集團9', '黃郁坤', 1986),
(103, '集團10', '王冠志', 2020),
(104, '集團11', '和堯明', 2003),
(105, '集團12', '王惠娟', 1974),
(106, '集團13', '連武忠', 1961),
(107, '集團14', '韓玲玉', 1996),
(108, '集團15', '郭杰苓', 1984),
(109, '集團16', '陳允英', 1954),
(110, '集團17', '陳明順', 1999),
(111, '集團18', '楊昕貴', 1985);

-- --------------------------------------------------------

--
-- 資料表結構 `menu`
--

CREATE TABLE `menu` (
  `dish_id` int(11) NOT NULL,
  `dishes` varchar(30) NOT NULL,
  `kinds` varchar(10) NOT NULL,
  `country` varchar(20) NOT NULL,
  `price` int(11) NOT NULL,
  `restaurant_id` int(11) NOT NULL
) ENGINE=InnoDB DEFAULT CHARSET=utf8mb4;

--
-- 傾印資料表的資料 `menu`
--

INSERT INTO `menu` (`dish_id`, `dishes`, `kinds`, `country`, `price`, `restaurant_id`) VALUES
(1, '小籠包', '餃子類', '台灣', 220, 13),
(2, '太初蕃茄牛肉麵', '麵類', '台灣', 218, 9),
(3, '太初辣子里肌', '麵類', '台灣', 148, 9),
(4, '加利西亞綜合海鮮烤飯', '飯類', '西班牙', 360, 2),
(5, '牛菲力月見香蘋奶油燒', '飯類', '台灣', 330, 17),
(6, 'JAI 橘醬爆炸蛤蜊宅宅麵', '麵類', '義大利', 320, 15),
(7, '乾式熟成牛排', '排餐', '英國', 3980, 19),
(8, '豬腳便當', '飯類', '台灣', 120, 16),
(9, '牛三寶牛肉麵', '麵類', '台灣', 140, 7),
(10, '美國瘋脆薯披薩', '速食類', '美國', 329, 8),
(11, '龍蝦風味乳酪燉飯', '飯類', '法國', 780, 20),
(12, '酸菜白肉鍋', '鍋類', '台灣', 400, 21),
(13, '品項1', '鍋類', '韓國', 151, 1),
(14, '品項2', '排餐', '日本', 910, 68),
(15, '品項3', '麵類', '美國', 410, 24),
(16, '品項4', '餃子類', '泰國', 1241, 97),
(17, '品項5', '湯品', '馬來西亞', 939, 70),
(18, '品項6', '沙拉', '新加坡', 797, 58),
(19, '品項7', '餃子類', '印度', 622, 42),
(20, '品項8', '沙拉', '印度', 1359, 107),
(21, '品項9', '鍋類', '中國', 1260, 98),
(22, '品項10', '排餐', '新加坡', 1157, 89),
(23, '品項11', '麵類', '越南', 385, 21),
(24, '品項12', '餃子類', '緬甸', 1309, 103),
(25, '品項13', '湯品', '泰國', 1109, 85),
(26, '品項14', '餃子類', '泰國', 843, 62),
(27, '品項15', '湯品', '日本', 560, 37),
(28, '品項16', '鍋類', '日本', 170, 2),
(29, '品項17', '排餐', '越南', 273, 11),
(30, '品項18', '麵類', '韓國', 642, 44),
(31, '品項19', '餃子類', '韓國', 348, 18),
(32, '品項20', '湯品', '法國', 373, 20),
(33, '品項21', '沙拉', '法國', 1484, 118),
(34, '品項22', '餃子類', '台灣', 751, 54),
(35, '品項23', '鍋類', '義大利', 310, 15),
(36, '品項24', '鍋類', '馬來西亞', 156, 1),
(37, '品項25', '排餐', '義大利', 162, 2),
(38, '品項26', '麵類', '英國', 660, 45),
(39, '品項27', '餃子類', '台灣', 867, 64),
(40, '品項28', '飯類', '台灣', 921, 68),
(41, '品項29', '飯類', '美國', 962, 72),
(42, '品項30', '飯類', '法國', 969, 73),
(43, '品項31', '鍋類', '台灣', 374, 20),
(44, '品項32', '鍋類', '韓國', 1045, 79),
(45, '品項33', '排餐', '日本', 758, 54),
(46, '品項34', '麵類', '美國', 625, 42),
(47, '品項35', '餃子類', '泰國', 227, 7),
(48, '品項36', '飯類', '馬來西亞', 970, 73),
(49, '品項37', '飯類', '德國', 1207, 94),
(50, '品項38', '麵類', '西班牙', 1233, 96),
(51, '品項39', '排餐', '韓國', 851, 62),
(52, '品項40', '飯類', '日本', 557, 36),
(53, '品項41', '麵類', '美國', 1332, 105),
(54, '品項42', '速食類', '泰國', 1131, 87),
(55, '品項43', '飯類', '馬來西亞', 1440, 114),
(56, '品項44', '鍋類', '新加坡', 1399, 111),
(57, '品項45', '鍋類', '印度', 878, 65),
(58, '品項46', '排餐', '印度', 342, 17),
(59, '品項47', '麵類', '中國', 773, 55),
(60, '品項48', '餃子類', '新加坡', 467, 29),
(61, '品項49', '排餐', '越南', 1314, 103),
(62, '品項50', '飯類', '緬甸', 432, 25),
(63, '品項51', '麵類', '泰國', 1202, 93),
(64, '品項52', '速食類', '泰國', 1288, 101),
(65, '品項53', '飯類', '日本', 1495, 119),
(66, '品項54', '鍋類', '日本', 1499, 119),
(67, '品項55', '鍋類', '越南', 975, 73),
(68, '品項56', '湯品', '韓國', 679, 47),
(69, '品項57', '沙拉', '日本', 509, 32),
(70, '品項58', '餃子類', '美國', 551, 36),
(71, '品項59', '鍋類', '泰國', 1284, 100),
(72, '品項60', '鍋類', '馬來西亞', 182, 3),
(73, '品項61', '排餐', '德國', 657, 45),
(74, '品項62', '麵類', '西班牙', 275, 12),
(75, '品項63', '餃子類', '韓國', 1064, 81),
(76, '品項64', '飯類', '日本', 225, 7),
(77, '品項65', '飯類', '美國', 161, 2),
(78, '品項66', '飯類', '泰國', 1390, 110),
(79, '品項67', '鍋類', '馬來西亞', 522, 33),
(80, '品項68', '吃到飽', '新加坡', 518, 33),
(81, '品項69', '排餐', '印度', 943, 70),
(82, '品項70', '麵類', '印度', 1083, 83),
(83, '品項71', '餃子類', '台灣', 1280, 100),
(84, '品項72', '吃到飽', '台灣', 1130, 87),
(85, '品項73', '飯類', '美國', 804, 58),
(86, '品項74', '麵類', '法國', 427, 25),
(87, '品項75', '排餐', '台灣', 1154, 89),
(88, '品項76', '飯類', '韓國', 782, 56),
(89, '品項77', '麵類', '日本', 768, 55),
(90, '品項78', '速食類', '美國', 1431, 113),
(91, '品項79', '飯類', '泰國', 1154, 89),
(92, '品項80', '鍋類', '馬來西亞', 296, 13),
(93, '品項81', '鍋類', '新加坡', 958, 72),
(94, '品項82', '吃到飽', '印度', 670, 46),
(95, '品項83', '麵類', '印度', 1142, 88),
(96, '品項84', '餃子類', '中國', 972, 73),
(97, '品項85', '排餐', '新加坡', 922, 69),
(98, '品項86', '飯類', '越南', 637, 43),
(99, '品項87', '麵類', '緬甸', 354, 19),
(100, '品項88', '速食類', '泰國', 453, 27),
(101, '品項89', '餃子類', '泰國', 723, 51),
(102, '品項90', '麵類', '美國', 1233, 96),
(103, '品項91', '麵類', '台灣', 848, 62),
(104, '品項92', '吃到飽', '美國', 1486, 118),
(105, '品項93', '飯類', '法國', 1164, 90),
(106, '品項94', '麵類', '台灣', 616, 42),
(107, '品項95', '排餐', '韓國', 378, 21),
(108, '品項96', '飯類', '日本', 1037, 79),
(109, '品項97', '麵類', '美國', 814, 59),
(110, '品項98', '速食類', '泰國', 235, 8),
(111, '品項99', '飯類', '馬來西亞', 1094, 84),
(112, '品項100', '鍋類', '德國', 831, 61),
(113, '脆皮炸子雞', '速食類', '中國', 1080, 18),
(114, '燒肉', '吃到飽', '日本', 740, 4),
(115, '脆皮薩索雞腿', '飯類', '台灣', 980, 122),
(116, '品項101', '飯類', '台灣', 980, 5),
(117, '品項102', '飯類', '台灣', 780, 6),
(118, '品項103', '麵類', '西班牙', 225, 10),
(119, '品項104', '麵類', '西班牙', 890, 14),
(120, '品項105', '飯類', '西班牙', 890, 22),
(121, '品項106', '飯類', '西班牙', 80, 23),
(122, '品項107', '飯類', '西班牙', 800, 26),
(123, '品項108', '飯類', '台灣', 750, 28),
(124, '品項109', '飯類', '台灣', 800, 30),
(125, '品項110', '飯類', '台灣', 60, 31),
(126, '品項111', '飯類', '台灣', 90, 34),
(127, '品項112', '飯類', '台灣', 80, 35),
(128, '品項113', '麵類', '台灣', 800, 38),
(129, '品項114', '飯類', '台灣', 800, 39),
(130, '品項115', '飯類', '西班牙', 90, 40),
(131, '品項116', '飯類', '台灣', 750, 41),
(132, '品項117', '飯類', '台灣', 800, 48),
(133, '品項118', '飯類', '台灣', 60, 49),
(134, '品項120', '飯類', '台灣', 80, 52),
(135, '品項121', '麵類', '台灣', 800, 53),
(136, '品項122', '飯類', '台灣', 800, 57),
(137, '品項123', '飯類', '台灣', 800, 60),
(138, '品項124', '飯類', '台灣', 50, 63),
(139, '品項125', '飯類', '台灣', 80, 66),
(140, '品項119', '飯類', '台灣', 90, 50);

-- --------------------------------------------------------

--
-- 資料表結構 `restaurant`
--

CREATE TABLE `restaurant` (
  `restaurant_id` int(11) NOT NULL,
  `year` int(11) NOT NULL,
  `name` varchar(30) NOT NULL,
  `period_time` varchar(30) NOT NULL,
  `corporate` varchar(50) DEFAULT NULL,
  `phone` varchar(20) NOT NULL,
  `area` varchar(20) NOT NULL,
  `stars` float NOT NULL,
  `take_out` varchar(1) NOT NULL
) ENGINE=InnoDB DEFAULT CHARSET=utf8mb4;

--
-- 傾印資料表的資料 `restaurant`
--

INSERT INTO `restaurant` (`restaurant_id`, `year`, `name`, `period_time`, `corporate`, `phone`, `area`, `stars`, `take_out`) VALUES
(1, 2001, '西堤牛排', '1234567', '王品集團', '04-2462-9522', '西屯區', 4.2, 'Y'),
(2, 2011, '黑浮咖啡', '1234567', '黑浮國際餐飲集團', '04-2320-8280', '西區', 4.5, 'Y'),
(3, 2017, '嗑肉石鍋', '1234567', '嗑肉國際有限公司', '04-2285-0885', '南區', 4.6, 'Y'),
(4, 2003, '茶六燒肉堂', '1234567', '輕井澤集團', '04-2328-1167', '西區', 4.4, 'N'),
(5, 2004, '原燒', '1234567', '王品集團', '04-2255-6885', '南屯區', 4.8, 'Y'),
(6, 2003, '輕井澤', '1234567', '輕井澤集團', '04-2327-4747', '西區', 4.4, 'N'),
(7, 1983, '三商巧福', '1234567', '三商投資控股股份有限公司', '04-2485-1052', '大里區', 3.9, 'Y'),
(8, 1997, '拿波里', '1234567', '三商投資控股股份有限公司', '04-2291-2577', '南區', 4.4, 'Y'),
(9, 2012, '太初麵食', '1234567', '輕井澤集團', '04-2319-5101', '南屯區', 4.3, 'Y'),
(10, 2020, '燒肉SMILE', '1234567', '築間餐飲事業股份有限公司', '04-2221-1166', '北區', 4.7, 'N'),
(11, 2018, '肉多多火鍋', '1234567', '樂多多世界股份有限公司', '04-2473-5156', '西區', 4.5, 'N'),
(12, 1971, '響食天堂', '1234567', '饗賓餐旅事業股份有限公司', '04-2258-5006', '西屯區', 4.2, 'Y'),
(13, 1972, '鼎泰豐', '1234567', '鼎泰豐小吃店股份有限公司', '04-2259-9500', '西屯區', 4.4, 'Y'),
(14, 2011, '開飯川食堂', '1234567', '饗賓餐旅事業股份有限公司', '04-2472-5878', '南屯區', 4.2, 'Y'),
(15, 2017, 'JAI 宅', '1234567', '尊鴻餐飲企業股份有限公司', '04 2227 8666', '北區', 4.5, 'Y'),
(16, 2004, '富鼎旺', '134567', '富鼎旺實業有限公司', '04 2225 3188', '中區', 4.1, 'Y'),
(17, 2015, '好菜', '134567', NULL, '04 2305 2933', '西區', 4.3, 'Y'),
(18, 2005, '漢來名人坊', '1234567', '漢來美食股份有限公司', '04 2255 8511', '西屯區', 4.1, 'Y'),
(19, 2019, 'The Wang', '1234567', '王品集團', '04-2255-5525', '西屯區', 4.4, 'N'),
(20, 2009, '老吳的西洋料理', '34567', NULL, '04 2329 1239', '西區', 4.2, 'Y'),
(21, 2013, '膳馨民間創作料理', '1234567', NULL, '04 2372 1650', '西區', 4.7, 'Y'),
(22, 2018, '餐廳22', '1245', '集團22', '04 1234 5678', '大里區', 4.7, 'Y'),
(23, 2020, '餐廳23', '1456', '集團23', '04 0000 0123', '西區', 4.1, 'Y'),
(24, 1998, '餐廳24', '2346', '集團24', '04 0000 0001', '南區', 4.6, 'N'),
(25, 1986, '餐廳25', '134567', '集團25', '04 0000 0002', '北屯區', 3.7, 'N'),
(26, 1994, '餐廳26', '2467', '集團26', '04 0000 0003', '中區', 3.7, 'Y'),
(27, 1998, '餐廳27', '67', '集團27', '04 0000 0004', '大里區', 3.3, 'Y'),
(28, 2017, '餐廳28', '1234567', '集團28', '04 0000 0005', '沙鹿區', 4.7, 'N'),
(29, 2019, '餐廳29', '2345', '集團29', '04 0000 0006', '沙鹿區', 4.2, 'Y'),
(30, 1989, '餐廳30', '12345', '集團30', '04 0000 0007', '龍井區', 4.3, 'Y'),
(31, 1986, '餐廳31', '1234567', '集團31', '04 0000 0008', '沙鹿區', 4.6, 'Y'),
(32, 2019, '餐廳32', '134567', '集團32', '04 0000 0009', '大雅區', 4.8, 'Y'),
(33, 2010, '餐廳33', '1234567', '集團33', '04 0000 0010', '大肚區', 3.1, 'N'),
(34, 2016, '餐廳34', '1234567', '集團34', '04 0000 0011', '后里區', 3.9, 'Y'),
(35, 1993, '餐廳35', '34567', '集團35', '04 0000 0012', '北屯區', 4.7, 'N'),
(36, 1995, '餐廳36', '1234567', '集團36', '04 0000 0013', '南區', 3.9, 'N'),
(37, 1989, '餐廳37', '1245', '集團37', '04 0000 0014', '太平區', 4.1, 'Y'),
(38, 2017, '餐廳38', '1456', '集團38', '04 0000 0015', '后里區', 3.8, 'Y'),
(39, 2006, '餐廳39', '2346', '集團39', '04 0000 0016', '西區', 4, 'N'),
(40, 2015, '餐廳40', '134567', '集團40', '04 0000 0017', '大里區', 3.9, 'N'),
(41, 2012, '餐廳41', '2467', '集團41', '04 0000 0018', '南區', 4.9, 'N'),
(42, 1985, '餐廳42', '67', '集團42', '04 0000 0019', '南屯區', 3.7, 'N'),
(43, 2005, '餐廳43', '1234567', '集團43', '04 0000 0020', '北區', 3.9, 'N'),
(44, 2013, '餐廳44', '2345', '集團44', '04 0000 0021', '西區', 3.5, 'N'),
(45, 1991, '餐廳45', '12345', '集團45', '04 0000 0022', '西屯區', 5, 'Y'),
(46, 2021, '餐廳46', '1234567', '集團46', '04 0000 0023', '西屯區', 4, 'N'),
(47, 1999, '餐廳47', '1456', '集團47', '04 0000 0024', '南屯區', 4.9, 'Y'),
(48, 2006, '餐廳48', '2346', '集團48', '04 0000 0025', '北區', 3.5, 'Y'),
(49, 2013, '餐廳49', '134567', '集團49', '04 0000 0026', '中區', 4.4, 'N'),
(50, 1989, '餐廳50', '2467', '集團50', '04 0000 0027', '西區', 3.7, 'N'),
(51, 1993, '餐廳51', '67', '集團51', '04 0000 0028', '北屯區', 3.2, 'N'),
(52, 2012, '餐廳52', '1234567', '集團52', '04 0000 0029', '中區', 3.2, 'Y'),
(53, 2020, '餐廳53', '134567', '集團72', '04 0000 0030', '大里區', 4.4, 'Y'),
(54, 1997, '餐廳54', '134567', '集團73', '04 0000 0031', '沙鹿區', 4.6, 'N'),
(55, 2006, '餐廳55', '1234567', '集團74', '04 0000 0032', '沙鹿區', 5, 'N'),
(56, 1993, '餐廳56', '1234567', '集團75', '04 0000 0033', '龍井區', 3.1, 'N'),
(57, 1993, '餐廳57', '34567', '集團76', '04 0000 0034', '沙鹿區', 5, 'Y'),
(58, 2016, '餐廳58', '12345', '集團77', '04 0000 0035', '大雅區', 4.7, 'Y'),
(59, 1989, '餐廳59', '1234567', '集團78', '04 0000 0036', '大肚區', 3.4, 'Y'),
(60, 1985, '餐廳60', '1456', '集團60', '04 0000 0037', '后里區', 3.2, 'N'),
(61, 1995, '餐廳61', '2346', '集團61', '04 0000 0038', '中區', 3.3, 'N'),
(62, 1991, '餐廳62', '134567', '集團62', '04 0000 0039', '西區', 3, 'Y'),
(63, 1986, '餐廳63', '2467', '集團63', '04 0000 0040', '西屯區', 4.1, 'Y'),
(64, 1993, '餐廳64', '2346', '集團64', '04 0000 0041', '西屯區', 3.1, 'N'),
(65, 1986, '餐廳65', '134567', '集團65', '04 0000 0042', '西區', 3.1, 'N'),
(66, 1984, '餐廳66', '2467', '集團66', '04 0000 0043', '西區', 4.6, 'N'),
(67, 1987, '餐廳67', '67', '集團67', '04 0000 0044', '大里區', 3.3, 'Y'),
(68, 1986, '餐廳68', '1234567', '集團68', '04 0000 0045', '西區', 3.3, 'Y'),
(69, 2005, '餐廳69', '134567', '集團69', '04 0000 0046', '南區', 3.4, 'N'),
(70, 1993, '餐廳70', '134567', '集團70', '04 0000 0047', '北屯區', 3.5, 'Y'),
(71, 2003, '餐廳71', '1234567', '集團71', '04 0000 0048', '中區', 4.4, 'N'),
(72, 1989, '餐廳72', '1234567', '集團72', '04 0000 0049', '大里區', 3.5, 'Y'),
(73, 2000, '餐廳73', '34567', '集團73', '04 0000 0050', '沙鹿區', 4.5, 'N'),
(74, 1999, '餐廳74', '135', '集團74', '04 0000 0051', '沙鹿區', 4, 'Y'),
(75, 2006, '餐廳75', '12356', '集團75', '04 0000 0052', '龍井區', 4.1, 'N'),
(76, 1986, '餐廳76', '14567', '集團76', '04 0000 0053', '沙鹿區', 4.7, 'N'),
(77, 1994, '餐廳77', '234567', '集團77', '04 0000 0054', '北區', 4.5, 'N'),
(78, 2000, '餐廳78', '1234567', '集團78', '04 0000 0055', '西區', 4.8, 'N'),
(79, 2008, '餐廳79', '1234567', '集團79', '04 0000 0056', '北區', 4.2, 'N'),
(80, 2010, '餐廳80', '34567', '集團80', '04 0000 0057', '西區', 3.7, 'Y'),
(81, 1987, '餐廳81', '135', '集團81', '04 0000 0058', '北區', 4.1, 'N'),
(82, 1992, '餐廳82', '12356', '集團82', '04 0000 0059', '西區', 3.6, 'N'),
(83, 1990, '餐廳83', '14567', '集團83', '04 0000 0060', '北區', 4.3, 'Y'),
(84, 1986, '餐廳84', '1234567', '集團84', '04 0000 0061', '西區', 3.7, 'N'),
(85, 2017, '餐廳85', '1456', '集團85', '04 0000 0062', '西屯區', 3.3, 'Y'),
(86, 1985, '餐廳86', '2346', '集團86', '04 0000 0063', '南屯區', 3.1, 'Y'),
(87, 1995, '餐廳87', '134567', '集團87', '04 0000 0064', '北區', 4.8, 'Y'),
(88, 1995, '餐廳88', '2467', '集團88', '04 0000 0065', '中區', 4, 'N'),
(89, 2016, '餐廳89', '2346', '集團89', '04 0000 0066', '西區', 3.9, 'Y'),
(90, 2002, '餐廳90', '134567', '集團90', '04 0000 0067', '北屯區', 3.1, 'N'),
(91, 1984, '餐廳91', '2467', '集團91', '04 0000 0068', '中區', 3.2, 'Y'),
(92, 1984, '餐廳92', '67', '集團92', '04 0000 0069', '大里區', 4.5, 'N'),
(93, 1981, '餐廳93', '1234567', '集團93', '04 0000 0070', '沙鹿區', 4.5, 'N'),
(94, 1985, '餐廳94', '134567', '集團94', '04 0000 0071', '沙鹿區', 4.8, 'Y'),
(95, 1981, '餐廳95', '1234567', '集團95', '04 0000 0072', '龍井區', 3.8, 'N'),
(96, 1983, '餐廳96', '34567', '集團96', '04 0000 0073', '沙鹿區', 4.6, 'N'),
(97, 2003, '餐廳97', '135', '集團97', '04 0000 0074', '神岡區', 4.9, 'N'),
(98, 1981, '餐廳98', '12356', '集團61', '04 0000 0075', '龍井區', 4, 'Y'),
(99, 1991, '餐廳99', '14567', '集團62', '04 0000 0076', '沙鹿區', 4.9, 'Y'),
(100, 2005, '餐廳100', '234567', '集團63', '04 0000 0077', '神岡區', 3.2, 'Y'),
(101, 2014, '餐廳101', '1234567', '集團64', '04 0000 0078', '西屯區', 3.1, 'Y'),
(102, 2013, '餐廳102', '1234567', '集團65', '04 0000 0079', '西區', 4.1, 'Y'),
(103, 2011, '餐廳103', '34567', '集團66', '04 0000 0080', '南區', 3.1, 'Y'),
(104, 2005, '餐廳104', '135', '集團67', '04 0000 0081', '西區', 3.9, 'Y'),
(105, 1998, '餐廳105', '12356', '集團68', '04 0000 0082', '南屯區', 3.6, 'N'),
(106, 1994, '餐廳106', '14567', '集團69', '04 0000 0083', '西區', 4.1, 'N'),
(107, 2012, '餐廳107', '1234567', '集團70', '04 0000 0084', '龍井區', 3.4, 'Y'),
(108, 1988, '餐廳108', '1456', '集團71', '04 0000 0085', '沙鹿區', 4.5, 'N'),
(109, 1998, '餐廳109', '2346', '集團109', '04 0000 0086', '神岡區', 4, 'Y'),
(110, 2003, '餐廳110', '1234567', '集團110', '04 0000 0087', '龍井區', 4.8, 'Y'),
(111, 2008, '餐廳111', '34567', '集團111', '04 0000 0088', '沙鹿區', 4, 'N'),
(112, 2003, '餐廳112', '135', '集團112', '04 0000 0089', '神岡區', 3.5, 'Y'),
(113, 1987, '餐廳113', '12356', '集團113', '04 0000 0090', '西屯區', 4.2, 'N'),
(114, 1983, '餐廳114', '14567', '集團114', '04 0000 0091', '西區', 3.3, 'Y'),
(115, 1983, '餐廳115', '1234567', '集團115', '04 0000 0092', '南區', 4.8, 'Y'),
(116, 2021, '餐廳116', '1456', '集團116', '04 0000 0093', '西區', 3.8, 'N'),
(117, 1981, '餐廳117', '34567', '集團117', '04 0000 0094', '南區', 3.9, 'N'),
(118, 2015, '餐廳118', '135', '集團118', '04 0000 0095', '南屯區', 4.8, 'N'),
(119, 2001, '餐廳119', '12356', '集團119', '04 0000 0096', '北區', 3.5, 'Y'),
(120, 1986, '餐廳120', '14567', '集團120', '04 0000 0097', '西區', 4.5, 'Y'),
(121, 2021, '餐廳121', '1234567', '集團120', '04 0000 0098', '南區', 4.3, 'N'),
(122, 2019, '滿堂 Le plein', '34567', NULL, '0910 833 755', '西區', 4.4, 'Y');

--
-- 已傾印資料表的索引
--

--
-- 資料表索引 `competition`
--
ALTER TABLE `competition`
  ADD PRIMARY KEY (`competition_name_and_ranking`),
  ADD KEY `dishes_id` (`dishes_id`),
  ADD KEY `restaurant id` (`restaurant_id`);

--
-- 資料表索引 `corporate`
--
ALTER TABLE `corporate`
  ADD PRIMARY KEY (`id`);

--
-- 資料表索引 `menu`
--
ALTER TABLE `menu`
  ADD PRIMARY KEY (`dish_id`),
  ADD KEY `restaurant id` (`restaurant_id`);

--
-- 資料表索引 `restaurant`
--
ALTER TABLE `restaurant`
  ADD PRIMARY KEY (`restaurant_id`);

--
-- 已傾印資料表的限制式
--

--
-- 資料表的限制式 `competition`
--
ALTER TABLE `competition`
  ADD CONSTRAINT `competition_ibfk_1` FOREIGN KEY (`dishes_id`) REFERENCES `menu` (`dish_id`) ON DELETE CASCADE ON UPDATE CASCADE,
  ADD CONSTRAINT `competition_ibfk_2` FOREIGN KEY (`restaurant_id`) REFERENCES `restaurant` (`restaurant_id`) ON DELETE CASCADE ON UPDATE CASCADE;

--
-- 資料表的限制式 `menu`
--
ALTER TABLE `menu`
  ADD CONSTRAINT `menu_ibfk_1` FOREIGN KEY (`restaurant_id`) REFERENCES `restaurant` (`restaurant_id`) ON DELETE CASCADE ON UPDATE CASCADE;
COMMIT;

/*!40101 SET CHARACTER_SET_CLIENT=@OLD_CHARACTER_SET_CLIENT */;
/*!40101 SET CHARACTER_SET_RESULTS=@OLD_CHARACTER_SET_RESULTS */;
/*!40101 SET COLLATION_CONNECTION=@OLD_COLLATION_CONNECTION */;
